Workbook

Sheet Read me
A1: New Zealand course data by provider: 2026-10-25
A3: Start: values held at the start of 21 Oct 2026, before the NZ enrichment run (2026-10-20; worked out from what was filled that day).
A4: Previous: the day before (2026-10-24). Today: 2026-10-25. Each day is recorded at about 6:55 am Melbourne time.
A5: Scope: 287 NZ providers with active courses, 6,474 active courses.
A7: Sheets
A8: NZ summary: each field across New Zealand at the start, the previous day and today, with the changes and % filled.
A9: Per provider: one row per provider; for each course field, the number of courses holding it at the start, the previous day and today, the change today and the change since the start. Provider fields show Yes or No.
A10: Long list: the same figures as one row per provider and field, for filtering and pivot tables.
A11: Resolutions & lessons: each gap found in the NZ enrichment review, what was programmed for it, its status and one or more figures from yesterday that show whether it works; then the lessons learnt.
A12: Toolset use: each tool per provider for the last recorded day and the last 7 days: times used, worked, did not work, scraper credits and AI US$, with a summary by tool at the top. "Worked" means: a correct course page (search, page match), a page read, a field filled, a fee page with fee rows, a scholarship applied.
A14: Notes
A15: Application deadline, academic entry requirements and course description have no reader yet.
... A17: A provider with no figure for a day had no active courses recorded that day.

Sheet Resolutions & lessons
A1: Resolutions programmed after the NZ enrichment review, with yesterday's figures (2026-10-24)
A3: # | B3: Gap | C3: Resolution | D3: Status | E3: Release | F3: Measure | G3: Yesterday / now
A4: 1 | B4: Search kept spending on providers with no course pages online | C4: Site checked once (site map) before any search; search off where the site lists 5 or fewer course pages; never-search list (NZIST, work-based learning, Skills Group, Skills Update, Te Rūnanga); bulk onboarding requests obey the same rules | D4: Live | E4: v2.15.310, 22 Oct 13:40 | F4: Providers with search off | G4: 85
F5: Search credits on them yesterday (target 0) | G5: 40
F6: Providers waiting for their site map | G6: 117
A7: 2 | B7: Title search found the wrong page at universities and polytechnics | C7: Universities: own course list (site list, AI match, adapter) first; title search only for courses the list missed; stop after 20 wrong pages in a row | D7: Live | E7: v2.15.310 | F7: Title-search pages right yesterday | G7: 6
F8: Title-search pages wrong yesterday | G8: 49
F9: University courses with a right page | G9: 1371
F10: University courses | G10: 2262
A11: 3 | B11: Pages found but not readable | C11: Pages that need a browser rendered within a day; address guesses off for NZ; pages refused by robots.txt listed for a person (one flag per provider) | D11: Live | E11: v2.15.310, 22 Oct 13:40 | F11: Pages read with a browser yesterday | G11: 28
F12: Pages still needing a browser or blocked | G12: 115
F13: Providers listed for pages refused by robots.txt | G13: 3
A14: 4 | B14: AI field reader skipped half of what it tried | C14: Quote not on the page: asked once more with a note; unchanged page not asked again; campus and international filled from provider-level or registered facts when the page is silent | D14: Live | E14: v2.15.310, 22 Oct 13:40 | F14: Fields filled yesterday | G14: 83
F15: Fields skipped yesterday | G15: 729
F16: Filled from provider-level facts | G16: 27
F17: Not asked again (same page copy) | G17: 0
A18: 5 | B18: Campus answers waiting for a person | C18: Platform Admin approves each university's campus list in Layer 4 (about 1 hour); then most waiting campus items settle by themselves | D18: Person | F18: Campus items waiting for a person | G18: 965
A19: 6 | B19: Fee reader read pages without fee tables; 2 reads failed | C19: Hidden characters removed; pages without a money amount not sent to the AI; fee-page links followed | D19: Live | E19: v2.15.310 | F19: Fee pages read with fee rows yesterday | G19: 587
F20: Fee pages read without rows yesterday | G20: 619
A21: 7 | B21: AI page match often had nothing to choose from | C21: AI asked only with at least 2 candidates; retried only while retries find right pages | D21: Live | E21: v2.15.310 | F21: AI page match calls yesterday | G21: 594
F22: Courses with too few candidates yesterday (no AI call) | G22: 1
A23: 8 | B23: Flags raised per course, not per provider | C23: One flag on the provider when search is off for it; its per-course page-not-found flags cleared; each flag shows the toolset tried before it | D23: Live | E23: v2.15.310 | F23: Provider flags: search off | G23: 85
F24: Course flags: no course page found | G24: 1281
A25: 9 | B25: Toolset stats were not kept over time | C25: Toolset use recorded per provider and tool every day; Toolset use sheet in this report | D25: Live | E25: v2.15.310 | F25: Toolset rows recorded for yesterday | G25: 229
A27: Lessons learnt
A28: Date | B28: Lesson | C28: What changed
A29: 2026-10-22 | B29: A rule that lets 'a request' through must say whose request. Onboarding asks for searches the same way a person does, so the new search gates let 726 bulk onboardings straight through (374 wrong pages for 4 right in the first hours). | C29: Gates now pass only a person's request (bulk onboarding waits); new gates are checked against every caller that can ask.
A30: 2026-10-22 | B30: A check written inside a sub-query must name its table: 'provider_id' meant the pause list's own column, so the pause stopped all onboarding and automatic plans for about 40 minutes. | C30: Qualified the column; dry runs now also run the changed job once and check it moved something.
A31: 2026-10-22 | B31: Measure the result, not the action: the AI page-match retry counted any chosen page as success (21%), while chosen pages that were right was 1.4%. | C31: Retry cap counts right pages; every resolution has a daily measure on this sheet.
A32: 2026-10-22 | B32: Title search alone rarely finds the course page of a small provider: 1 right page per 10 searches overall, about 1 in 90 at small providers. | C32: Check the provider's own site first; search only where the site lists course pages.
A33: 2026-10-22 | B33: Half of the AI field reader's skips are pages that do not state the field; asking again gives the same answer. | C33: Unchanged pages are not asked again; provider-level facts fill campus and international where sound.

Sheet NZ summary
A1: Field | B1: Level | C1: Total | D1: Start | E1: Previous | F1: Today | G1: Change today | H1: Change since start | I1: % start | J1: % today
A2: Official course page | B2: Course | C2: =SUM('Per provider'!C3:C289) -> 6474 | D2: =SUM('Per provider'!D3:D289) -> 3004 | E2: =SUM('Per provider'!E3:E289) -> 3038 | F2: =SUM('Per provider'!F3:F289) -> 3041 | G2: =F2-E2 -> 3 | H2: =F2-D2 -> 37 | I2: =IF(C2=0,0,D2/C2) -> 0.46400989 | J2: =IF(C2=0,0,F2/C2) -> 0.46972505
A3: Study level | B3: Course | C3: =SUM('Per provider'!C3:C289) -> 6474 | D3: =SUM('Per provider'!I3:I289) -> 6233 | E3: =SUM('Per provider'!J3:J289) -> 6252 | F3: =SUM('Per provider'!K3:K289) -> 6252 | G3: =F3-E3 -> 0 | H3: =F3-D3 -> 19 | I3: =IF(C3=0,0,D3/C3) -> 0.96277417 | J3: =IF(C3=0,0,F3/C3) -> 0.96570899
A4: Field of study | B4: Course | C4: =SUM('Per provider'!C3:C289) -> 6474 | D4: =SUM('Per provider'!N3:N289) -> 6053 | E4: =SUM('Per provider'!O3:O289) -> 6216 | F4: =SUM('Per provider'!P3:P289) -> 6219 | G4: =F4-E4 -> 3 | H4: =F4-D4 -> 166 | I4: =IF(C4=0,0,D4/C4) -> 0.93497065 | J4: =IF(C4=0,0,F4/C4) -> 0.96061168
A5: Duration | B5: Course | C5: =SUM('Per provider'!C3:C289) -> 6474 | D5: =SUM('Per provider'!S3:S289) -> 3127 | E5: =SUM('Per provider'!T3:T289) -> 2328 | F5: =SUM('Per provider'!U3:U289) -> 2336 | G5: =F5-E5 -> 8 | H5: =F5-D5 -> -791 | I5: =IF(C5=0,0,D5/C5) -> 0.48300896 | J5: =IF(C5=0,0,F5/C5) -> 0.36082793
A6: Delivery mode | B6: Course | C6: =SUM('Per provider'!C3:C289) -> 6474 | D6: =SUM('Per provider'!X3:X289) -> 3443 | E6: =SUM('Per provider'!Y3:Y289) -> 2552 | F6: =SUM('Per provider'!Z3:Z289) -> 2561 | G6: =F6-E6 -> 9 | H6: =F6-D6 -> -882 | I6: =IF(C6=0,0,D6/C6) -> 0.53181959 | J6: =IF(C6=0,0,F6/C6) -> 0.39558233
A7: Campus linked | B7: Course | C7: =SUM('Per provider'!C3:C289) -> 6474 | D7: =SUM('Per provider'!AC3:AC289) -> 2949 | E7: =SUM('Per provider'!AD3:AD289) -> 2315 | F7: =SUM('Per provider'!AE3:AE289) -> 2331 | G7: =F7-E7 -> 16 | H7: =F7-D7 -> -618 | I7: =IF(C7=0,0,D7/C7) -> 0.45551437 | J7: =IF(C7=0,0,F7/C7) -> 0.36005561
A8: Campus city | B8: Course | C8: =SUM('Per provider'!C3:C289) -> 6474 | D8: =SUM('Per provider'!AH3:AH289) -> 2898 | E8: =SUM('Per provider'!AI3:AI289) -> 2257 | F8: =SUM('Per provider'!AJ3:AJ289) -> 2273 | G8: =F8-E8 -> 16 | H8: =F8-D8 -> -625 | I8: =IF(C8=0,0,D8/C8) -> 0.4476367 | J8: =IF(C8=0,0,F8/C8) -> 0.35109669
A9: Open to international students | B9: Course | C9: =SUM('Per provider'!C3:C289) -> 6474 | D9: =SUM('Per provider'!AM3:AM289) -> 2107 | E9: =SUM('Per provider'!AN3:AN289) -> 1551 | F9: =SUM('Per provider'!AO3:AO289) -> 1594 | G9: =F9-E9 -> 43 | H9: =F9-D9 -> -513 | I9: =IF(C9=0,0,D9/C9) -> 0.32545567 | J9: =IF(C9=0,0,F9/C9) -> 0.24621563
A10: Tuition fee | B10: Course | C10: =SUM('Per provider'!C3:C289) -> 6474 | D10: =SUM('Per provider'!AR3:AR289) -> 1010 | E10: =SUM('Per provider'!AS3:AS289) -> 1339 | F10: =SUM('Per provider'!AT3:AT289) -> 1384 | G10: =F10-E10 -> 45 | H10: =F10-D10 -> 374 | I10: =IF(C10=0,0,D10/C10) -> 0.15600865 | J10: =IF(C10=0,0,F10/C10) -> 0.21377819
A11: Intakes / start dates | B11: Course | C11: =SUM('Per provider'!C3:C289) -> 6474 | D11: =SUM('Per provider'!AW3:AW289) -> 1972 | E11: =SUM('Per provider'!AX3:AX289) -> 2117 | F11: =SUM('Per provider'!AY3:AY289) -> 2124 | G11: =F11-E11 -> 7 | H11: =F11-D11 -> 152 | I11: =IF(C11=0,0,D11/C11) -> 0.30460303 | J11: =IF(C11=0,0,F11/C11) -> 0.32808156
A12: Application deadline | B12: Course | C12: =SUM('Per provider'!C3:C289) -> 6474 | D12: =SUM('Per provider'!BB3:BB289) -> 0 | E12: =SUM('Per provider'!BC3:BC289) -> 0 | F12: =SUM('Per provider'!BD3:BD289) -> 0 | G12: =F12-E12 -> 0 | H12: =F12-D12 -> 0 | I12: =IF(C12=0,0,D12/C12) -> 0 | J12: =IF(C12=0,0,F12/C12) -> 0
A13: English requirements | B13: Course | C13: =SUM('Per provider'!C3:C289) -> 6474 | D13: =SUM('Per provider'!BG3:BG289) -> 1930 | E13: =SUM('Per provider'!BH3:BH289) -> 2345 | F13: =SUM('Per provider'!BI3:BI289) -> 2354 | G13: =F13-E13 -> 9 | H13: =F13-D13 -> 424 | I13: =IF(C13=0,0,D13/C13) -> 0.29811554 | J13: =IF(C13=0,0,F13/C13) -> 0.36360828
A14: Academic entry requirements | B14: Course | C14: =SUM('Per provider'!C3:C289) -> 6474 | D14: =SUM('Per provider'!BL3:BL289) -> 0 | E14: =SUM('Per provider'!BM3:BM289) -> 0 | F14: =SUM('Per provider'!BN3:BN289) -> 0 | G14: =F14-E14 -> 0 | H14: =F14-D14 -> 0 | I14: =IF(C14=0,0,D14/C14) -> 0 | J14: =IF(C14=0,0,F14/C14) -> 0
A15: Course description | B15: Course | C15: =SUM('Per provider'!C3:C289) -> 6474 | D15: =SUM('Per provider'!BQ3:BQ289) -> 0 | E15: =SUM('Per provider'!BR3:BR289) -> 0 | F15: =SUM('Per provider'!BS3:BS289) -> 0 | G15: =F15-E15 -> 0 | H15: =F15-D15 -> 0 | I15: =IF(C15=0,0,D15/C15) -> 0 | J15: =IF(C15=0,0,F15/C15) -> 0
A16: Website | B16: Provider | C16: =COUNTA('Per provider'!A3:A289) -> 287 | D16: =COUNTIF('Per provider'!BV3:BV289,"Yes") -> 286 | E16: =COUNTIF('Per provider'!BW3:BW289,"Yes") -> 286 | F16: =COUNTIF('Per provider'!BX3:BX289,"Yes") -> 286 | G16: =F16-E16 -> 0 | H16: =F16-D16 -> 0 | I16: =IF(C16=0,0,D16/C16) -> 0.99651568 | J16: =IF(C16=0,0,F16/C16) -> 0.99651568
A17: Street address | B17: Provider | C17: =COUNTA('Per provider'!A3:A289) -> 287 | D17: =COUNTIF('Per provider'!BY3:BY289,"Yes") -> 118 | E17: =COUNTIF('Per provider'!BZ3:BZ289,"Yes") -> 120 | F17: =COUNTIF('Per provider'!CA3:CA289,"Yes") -> 120 | G17: =F17-E17 -> 0 | H17: =F17-D17 -> 2 | I17: =IF(C17=0,0,D17/C17) -> 0.41114983 | J17: =IF(C17=0,0,F17/C17) -> 0.41811847
A18: Campuses | B18: Provider | C18: =COUNTA('Per provider'!A3:A289) -> 287 | D18: =COUNTIF('Per provider'!CB3:CB289,"Yes") -> 94 | E18: =COUNTIF('Per provider'!CC3:CC289,"Yes") -> 106 | F18: =COUNTIF('Per provider'!CD3:CD289,"Yes") -> 106 | G18: =F18-E18 -> 0 | H18: =F18-D18 -> 12 | I18: =IF(C18=0,0,D18/C18) -> 0.32752613 | J18: =IF(C18=0,0,F18/C18) -> 0.36933798
A19: Institution type | B19: Provider | C19: =COUNTA('Per provider'!A3:A289) -> 287 | D19: =COUNTIF('Per provider'!CE3:CE289,"Yes") -> 287 | E19: =COUNTIF('Per provider'!CF3:CF289,"Yes") -> 287 | F19: =COUNTIF('Per provider'!CG3:CG289,"Yes") -> 287 | G19: =F19-E19 -> 0 | H19: =F19-D19 -> 0 | I19: =IF(C19=0,0,D19/C19) -> 1 | J19: =IF(C19=0,0,F19/C19) -> 1
A20: Enrols international students | B20: Provider | C20: =COUNTA('Per provider'!A3:A289) -> 287 | D20: =COUNTIF('Per provider'!CH3:CH289,"Yes") -> 164 | E20: =COUNTIF('Per provider'!CI3:CI289,"Yes") -> 164 | F20: =COUNTIF('Per provider'!CJ3:CJ289,"Yes") -> 164 | G20: =F20-E20 -> 0 | H20: =F20-D20 -> 0 | I20: =IF(C20=0,0,D20/C20) -> 0.57142857 | J20: =IF(C20=0,0,F20/C20) -> 0.57142857
A21: Logo | B21: Provider | C21: =COUNTA('Per provider'!A3:A289) -> 287 | D21: =COUNTIF('Per provider'!CK3:CK289,"Yes") -> 242 | E21: =COUNTIF('Per provider'!CL3:CL289,"Yes") -> 242 | F21: =COUNTIF('Per provider'!CM3:CM289,"Yes") -> 242 | G21: =F21-E21 -> 0 | H21: =F21-D21 -> 0 | I21: =IF(C21=0,0,D21/C21) -> 0.84320557 | J21: =IF(C21=0,0,F21/C21) -> 0.84320557
A22: Phone or email | B22: Provider | C22: =COUNTA('Per provider'!A3:A289) -> 287 | D22: =COUNTIF('Per provider'!CN3:CN289,"Yes") -> 233 | E22: =COUNTIF('Per provider'!CO3:CO289,"Yes") -> 239 | F22: =COUNTIF('Per provider'!CP3:CP289,"Yes") -> 239 | G22: =F22-E22 -> 0 | H22: =F22-D22 -> 6 | I22: =IF(C22=0,0,D22/C22) -> 0.81184669 | J22: =IF(C22=0,0,F22/C22) -> 0.83275261
A23: Scholarships | B23: Provider | C23: =COUNTA('Per provider'!A3:A289) -> 287 | D23: =COUNTIF('Per provider'!CQ3:CQ289,"Yes") -> 5 | E23: =COUNTIF('Per provider'!CR3:CR289,"Yes") -> 7 | F23: =COUNTIF('Per provider'!CS3:CS289,"Yes") -> 7 | G23: =F23-E23 -> 0 | H23: =F23-D23 -> 2 | I23: =IF(C23=0,0,D23/C23) -> 0.017421603 | J23: =IF(C23=0,0,F23/C23) -> 0.024390244
A24: Description | B24: Provider | C24: =COUNTA('Per provider'!A3:A289) -> 287 | D24: =COUNTIF('Per provider'!CT3:CT289,"Yes") -> 0 | E24: =COUNTIF('Per provider'!CU3:CU289,"Yes") -> 0 | F24: =COUNTIF('Per provider'!CV3:CV289,"Yes") -> 0 | G24: =F24-E24 -> 0 | H24: =F24-D24 -> 0 | I24: =IF(C24=0,0,D24/C24) -> 0 | J24: =IF(C24=0,0,F24/C24) -> 0
A26: Course fields count courses; provider fields count providers. Figures come from the Per provider sheet.

Sheet Per provider
A1: Provider | B1: Website | C1: Courses | D1: Official course page | I1: Study level | N1: Field of study | S1: Duration | X1: Delivery mode | AC1: Campus linked | AH1: Campus city | AM1: Open to international students | AR1: Tuition fee | AW1: Intakes / start dates | BB1: Application deadline | BG1: English requirements | BL1: Academic entry requirements | BQ1: Course description | BV1: Website | BY1: Street address | CB1: Campuses | CE1: Institution type | CH1: Enrols international students | CK1: Logo | CN1: Phone or email | CQ1: Scholarships | CT1: Description
D2: Start | E2: Previous | F2: Today | G2: Change today | H2: Change since start | I2: Start | J2: Previous | K2: Today | L2: Change today | M2: Change since start | N2: Start | O2: Previous | P2: Today | Q2: Change today | R2: Change since start | S2: Start | T2: Previous | U2: Today | V2: Change today | W2: Change since start | X2: Start | Y2: Previous | Z2: Today | AA2: Change today | AB2: Change since start | AC2: Start | AD2: Previous | AE2: Today | AF2: Change today | AG2: Change since start | AH2: Start | AI2: Previous | AJ2: Today | AK2: Change today | AL2: Change since start | AM2: Start | AN2: Previous | AO2: Today | AP2: Change today | AQ2: Change since start | AR2: Start | AS2: Previous | AT2: Today | AU2: Change today | AV2: Change since start | AW2: Start | AX2: Previous | AY2: Today | AZ2: Change today | BA2: Change since start | BB2: Start | BC2: Previous | BD2: Today | BE2: Change today | BF2: Change since start | BG2: Start | BH2: Previous | BI2: Today | BJ2: Change today | BK2: Change since start | BL2: Start | BM2: Previous | BN2: Today | BO2: Change today | BP2: Change since start | BQ2: Start | BR2: Previous | BS2: Today | BT2: Change today | BU2: Change since start | BV2: Start | BW2: Previous | BX2: Today | BY2: Start | BZ2: Previous | CA2: Today | CB2: Start | CC2: Previous | CD2: Today | CE2: Start | CF2: Previous | CG2: Today | CH2: Start | CI2: Previous | CJ2: Today | CK2: Start | CL2: Previous | CM2: Today | CN2: Start | CO2: Previous | CP2: Today | CQ2: Start | CR2: Previous | CS2: Today | CT2: Start | CU2: Previous | CV2: Today
A3: University of Auckland | B3: https://www.auckland.ac.nz | C3: 458 | D3: 329 | E3: 330 | F3: 330 | G3: =F3-E3 -> 0 | H3: =F3-D3 -> 1 | I3: 458 | J3: 458 | K3: 458 | L3: =K3-J3 -> 0 | M3: =K3-I3 -> 0 | N3: 447 | O3: 453 | P3: 453 | Q3: =P3-O3 -> 0 | R3: =P3-N3 -> 6 | S3: 193 | T3: 205 | U3: 205 | V3: =U3-T3 -> 0 | W3: =U3-S3 -> 12 | X3: 309 | Y3: 308 | Z3: 308 | AA3: =Z3-Y3 -> 0 | AB3: =Z3-X3 -> -1 | AC3: 295 | AD3: 303 | AE3: 303 | AF3: =AE3-AD3 -> 0 | AG3: =AE3-AC3 -> 8 | AH3: 295 | AI3: 303 | AJ3: 303 | AK3: =AJ3-AI3 -> 0 | AL3: =AJ3-AH3 -> 8 | AM3: 209 | AN3: 196 | AO3: 201 | AP3: =AO3-AN3 -> 5 | AQ3: =AO3-AM3 -> -8 | AR3: 203 | AS3: 211 | AT3: 245 | AU3: =AT3-AS3 -> 34 | AV3: =AT3-AR3 -> 42 | AW3: 283 | AX3: 283 | AY3: 283 | AZ3: =AY3-AX3 -> 0 | BA3: =AY3-AW3 -> 0 | BB3: 0 | BC3: 0 | BD3: 0 | BE3: =BD3-BC3 -> 0 | BF3: =BD3-BB3 -> 0 | BG3: 177 | BH3: 209 | BI3: 210 | BJ3: =BI3-BH3 -> 1 | BK3: =BI3-BG3 -> 33 | BL3: 0 | BM3: 0 | BN3: 0 | BO3: =BN3-BM3 -> 0 | BP3: =BN3-BL3 -> 0 | BQ3: 0 | BR3: 0 | BS3: 0 | BT3: =BS3-BR3 -> 0 | BU3: =BS3-BQ3 -> 0 | BV3: Yes | BW3: Yes | BX3: Yes | BY3: No | BZ3: No | CA3: No | CB3: Yes | CC3: Yes | CD3: Yes | CE3: Yes | CF3: Yes | CG3: Yes | CH3: Yes | CI3: Yes | CJ3: Yes | CK3: Yes | CL3: Yes | CM3: Yes | CN3: Yes | CO3: Yes | CP3: Yes | CQ3: Yes | CR3: Yes | CS3: Yes | CT3: No | CU3: No | CV3: No
A4: University of Canterbury | B4: https://www.canterbury.ac.nz | C4: 280 | D4: 216 | E4: 216 | F4: 216 | G4: =F4-E4 -> 0 | H4: =F4-D4 -> 0 | I4: 279 | J4: 279 | K4: 279 | L4: =K4-J4 -> 0 | M4: =K4-I4 -> 0 | N4: 272 | O4: 275 | P4: 275 | Q4: =P4-O4 -> 0 | R4: =P4-N4 -> 3 | S4: 244 | T4: 209 | U4: 209 | V4: =U4-T4 -> 0 | W4: =U4-S4 -> -35 | X4: 162 | Y4: 166 | Z4: 166 | AA4: =Z4-Y4 -> 0 | AB4: =Z4-X4 -> 4 | AC4: 39 | AD4: 49 | AE4: 49 | AF4: =AE4-AD4 -> 0 | AG4: =AE4-AC4 -> 10 | AH4: 39 | AI4: 47 | AJ4: 47 | AK4: =AJ4-AI4 -> 0 | AL4: =AJ4-AH4 -> 8 | AM4: 168 | AN4: 163 | AO4: 163 | AP4: =AO4-AN4 -> 0 | AQ4: =AO4-AM4 -> -5 | AR4: 97 | AS4: 157 | AT4: 157 | AU4: =AT4-AS4 -> 0 | AV4: =AT4-AR4 -> 60 | AW4: 202 | AX4: 203 | AY4: 203 | AZ4: =AY4-AX4 -> 0 | BA4: =AY4-AW4 -> 1 | BB4: 0 | BC4: 0 | BD4: 0 | BE4: =BD4-BC4 -> 0 | BF4: =BD4-BB4 -> 0 | BG4: 12 | BH4: 13 | BI4: 13 | BJ4: =BI4-BH4 -> 0 | BK4: =BI4-BG4 -> 1 | BL4: 0 | BM4: 0 | BN4: 0 | BO4: =BN4-BM4 -> 0 | BP4: =BN4-BL4 -> 0 | BQ4: 0 | BR4: 0 | BS4: 0 | BT4: =BS4-BR4 -> 0 | BU4: =BS4-BQ4 -> 0 | BV4: Yes | BW4: Yes | BX4: Yes | BY4: No | BZ4: No | CA4: No | CB4: Yes | CC4: Yes | CD4: Yes | CE4: Yes | CF4: Yes | CG4: Yes | CH4: Yes | CI4: Yes | CJ4: Yes | CK4: Yes | CL4: Yes | CM4: Yes | CN4: Yes | CO4: Yes | CP4: Yes | CQ4: Yes | CR4: Yes | CS4: Yes | CT4: No | CU4: No | CV4: No
A5: University of Waikato | B5: https://www.waikato.ac.nz | C5: 278 | D5: 109 | E5: 109 | F5: 109 | G5: =F5-E5 -> 0 | H5: =F5-D5 -> 0 | I5: 277 | J5: 277 | K5: 277 | L5: =K5-J5 -> 0 | M5: =K5-I5 -> 0 | N5: 274 | O5: 276 | P5: 276 | Q5: =P5-O5 -> 0 | R5: =P5-N5 -> 2 | S5: 156 | T5: 103 | U5: 103 | V5: =U5-T5 -> 0 | W5: =U5-S5 -> -53 | X5: 156 | Y5: 109 | Z5: 109 | AA5: =Z5-Y5 -> 0 | AB5: =Z5-X5 -> -47 | AC5: 167 | AD5: 104 | AE5: 104 | AF5: =AE5-AD5 -> 0 | AG5: =AE5-AC5 -> -63 | AH5: 167 | AI5: 104 | AJ5: 104 | AK5: =AJ5-AI5 -> 0 | AL5: =AJ5-AH5 -> -63 | AM5: 147 | AN5: 79 | AO5: 79 | AP5: =AO5-AN5 -> 0 | AQ5: =AO5-AM5 -> -68 | AR5: 51 | AS5: 61 | AT5: 61 | AU5: =AT5-AS5 -> 0 | AV5: =AT5-AR5 -> 10 | AW5: 111 | AX5: 111 | AY5: 111 | AZ5: =AY5-AX5 -> 0 | BA5: =AY5-AW5 -> 0 | BB5: 0 | BC5: 0 | BD5: 0 | BE5: =BD5-BC5 -> 0 | BF5: =BD5-BB5 -> 0 | BG5: 201 | BH5: 227 | BI5: 227 | BJ5: =BI5-BH5 -> 0 | BK5: =BI5-BG5 -> 26 | BL5: 0 | BM5: 0 | BN5: 0 | BO5: =BN5-BM5 -> 0 | BP5: =BN5-BL5 -> 0 | BQ5: 0 | BR5: 0 | BS5: 0 | BT5: =BS5-BR5 -> 0 | BU5: =BS5-BQ5 -> 0 | BV5: Yes | BW5: Yes | BX5: Yes | BY5: No | BZ5: No | CA5: No | CB5: Yes | CC5: Yes | CD5: Yes | CE5: Yes | CF5: Yes | CG5: Yes | CH5: Yes | CI5: Yes | CJ5: Yes | CK5: Yes | CL5: Yes | CM5: Yes | CN5: Yes | CO5: Yes | CP5: Yes | CQ5: Yes | CR5: Yes | CS5: Yes | CT5: No | CU5: No | CV5: No
A6: Victoria University of Wellington | B6: https://www.wgtn.ac.nz | C6: 273 | D6: 152 | E6: 152 | F6: 152 | G6: =F6-E6 -> 0 | H6: =F6-D6 -> 0 | I6: 273 | J6: 273 | K6: 273 | L6: =K6-J6 -> 0 | M6: =K6-I6 -> 0 | N6: 267 | O6: 270 | P6: 270 | Q6: =P6-O6 -> 0 | R6: =P6-N6 -> 3 | S6: 115 | T6: 98 | U6: 98 | V6: =U6-T6 -> 0 | W6: =U6-S6 -> -17 | X6: 138 | Y6: 105 | Z6: 105 | AA6: =Z6-Y6 -> 0 | AB6: =Z6-X6 -> -33 | AC6: 41 | AD6: 83 | AE6: 83 | AF6: =AE6-AD6 -> 0 | AG6: =AE6-AC6 -> 42 | AH6: 41 | AI6: 83 | AJ6: 83 | AK6: =AJ6-AI6 -> 0 | AL6: =AJ6-AH6 -> 42 | AM6: 170 | AN6: 117 | AO6: 117 | AP6: =AO6-AN6 -> 0 | AQ6: =AO6-AM6 -> -53 | AR6: 77 | AS6: 96 | AT6: 96 | AU6: =AT6-AS6 -> 0 | AV6: =AT6-AR6 -> 19 | AW6: 92 | AX6: 92 | AY6: 92 | AZ6: =AY6-AX6 -> 0 | BA6: =AY6-AW6 -> 0 | BB6: 0 | BC6: 0 | BD6: 0 | BE6: =BD6-BC6 -> 0 | BF6: =BD6-BB6 -> 0 | BG6: 138 | BH6: 225 | BI6: 225 | BJ6: =BI6-BH6 -> 0 | BK6: =BI6-BG6 -> 87 | BL6: 0 | BM6: 0 | BN6: 0 | BO6: =BN6-BM6 -> 0 | BP6: =BN6-BL6 -> 0 | BQ6: 0 | BR6: 0 | BS6: 0 | BT6: =BS6-BR6 -> 0 | BU6: =BS6-BQ6 -> 0 | BV6: Yes | BW6: Yes | BX6: Yes | BY6: No | BZ6: No | CA6: No | CB6: Yes | CC6: Yes | CD6: Yes | CE6: Yes | CF6: Yes | CG6: Yes | CH6: Yes | CI6: Yes | CJ6: Yes | CK6: Yes | CL6: Yes | CM6: Yes | CN6: Yes | CO6: Yes | CP6: Yes | CQ6: No | CR6: No | CS6: No | CT6: No | CU6: No | CV6: No
A7: Massey University | B7: https://www.massey.ac.nz | C7: 265 | D7: 166 | E7: 166 | F7: 166 | G7: =F7-E7 -> 0 | H7: =F7-D7 -> 0 | I7: 265 | J7: 265 | K7: 265 | L7: =K7-J7 -> 0 | M7: =K7-I7 -> 0 | N7: 251 | O7: 259 | P7: 259 | Q7: =P7-O7 -> 0 | R7: =P7-N7 -> 8 | S7: 188 | T7: 165 | U7: 165 | V7: =U7-T7 -> 0 | W7: =U7-S7 -> -23 | X7: 194 | Y7: 164 | Z7: 164 | AA7: =Z7-Y7 -> 0 | AB7: =Z7-X7 -> -30 | AC7: 107 | AD7: 91 | AE7: 91 | AF7: =AE7-AD7 -> 0 | AG7: =AE7-AC7 -> -16 | AH7: 107 | AI7: 91 | AJ7: 91 | AK7: =AJ7-AI7 -> 0 | AL7: =AJ7-AH7 -> -16 | AM7: 195 | AN7: 164 | AO7: 164 | AP7: =AO7-AN7 -> 0 | AQ7: =AO7-AM7 -> -31 | AR7: 81 | AS7: 119 | AT7: 119 | AU7: =AT7-AS7 -> 0 | AV7: =AT7-AR7 -> 38 | AW7: 18 | AX7: 28 | AY7: 28 | AZ7: =AY7-AX7 -> 0 | BA7: =AY7-AW7 -> 10 | BB7: 0 | BC7: 0 | BD7: 0 | BE7: =BD7-BC7 -> 0 | BF7: =BD7-BB7 -> 0 | BG7: 21 | BH7: 23 | BI7: 23 | BJ7: =BI7-BH7 -> 0 | BK7: =BI7-BG7 -> 2 | BL7: 0 | BM7: 0 | BN7: 0 | BO7: =BN7-BM7 -> 0 | BP7: =BN7-BL7 -> 0 | BQ7: 0 | BR7: 0 | BS7: 0 | BT7: =BS7-BR7 -> 0 | BU7: =BS7-BQ7 -> 0 | BV7: Yes | BW7: Yes | BX7: Yes | BY7: No | BZ7: No | CA7: No | CB7: Yes | CC7: Yes | CD7: Yes | CE7: Yes | CF7: Yes | CG7: Yes | CH7: Yes | CI7: Yes | CJ7: Yes | CK7: Yes | CL7: Yes | CM7: Yes | CN7: Yes | CO7: Yes | CP7: Yes | CQ7: Yes | CR7: Yes | CS7: Yes | CT7: No | CU7: No | CV7: No
A8: Auckland University of Technology | B8: https://www.aut.ac.nz | C8: 257 | D8: 202 | E8: 202 | F8: 203 | G8: =F8-E8 -> 1 | H8: =F8-D8 -> 1 | I8: 257 | J8: 257 | K8: 257 | L8: =K8-J8 -> 0 | M8: =K8-I8 -> 0 | N8: 248 | O8: 249 | P8: 252 | Q8: =P8-O8 -> 3 | R8: =P8-N8 -> 4 | S8: 189 | T8: 171 | U8: 175 | V8: =U8-T8 -> 4 | W8: =U8-S8 -> -14 | X8: 202 | Y8: 187 | Z8: 190 | AA8: =Z8-Y8 -> 3 | AB8: =Z8-X8 -> -12 | AC8: 182 | AD8: 164 | AE8: 166 | AF8: =AE8-AD8 -> 2 | AG8: =AE8-AC8 -> -16 | AH8: 182 | AI8: 163 | AJ8: 165 | AK8: =AJ8-AI8 -> 2 | AL8: =AJ8-AH8 -> -17 | AM8: 46 | AN8: 44 | AO8: 73 | AP8: =AO8-AN8 -> 29 | AQ8: =AO8-AM8 -> 27 | AR8: 103 | AS8: 104 | AT8: 114 | AU8: =AT8-AS8 -> 10 | AV8: =AT8-AR8 -> 11 | AW8: 156 | AX8: 166 | AY8: 167 | AZ8: =AY8-AX8 -> 1 | BA8: =AY8-AW8 -> 11 | BB8: 0 | BC8: 0 | BD8: 0 | BE8: =BD8-BC8 -> 0 | BF8: =BD8-BB8 -> 0 | BG8: 197 | BH8: 226 | BI8: 234 | BJ8: =BI8-BH8 -> 8 | BK8: =BI8-BG8 -> 37 | BL8: 0 | BM8: 0 | BN8: 0 | BO8: =BN8-BM8 -> 0 | BP8: =BN8-BL8 -> 0 | BQ8: 0 | BR8: 0 | BS8: 0 | BT8: =BS8-BR8 -> 0 | BU8: =BS8-BQ8 -> 0 | BV8: Yes | BW8: Yes | BX8: Yes | BY8: No | BZ8: No | CA8: No | CB8: Yes | CC8: Yes | CD8: Yes | CE8: Yes | CF8: Yes | CG8: Yes | CH8: Yes | CI8: Yes | CJ8: Yes | CK8: Yes | CL8: Yes | CM8: Yes | CN8: No | CO8: No | CP8: No | CQ8: No | CR8: Yes | CS8: Yes | CT8: No | CU8: No | CV8: No
A9: University of Otago | B9: https://www.otago.ac.nz | C9: 252 | D9: 171 | E9: 171 | F9: 171 | G9: =F9-E9 -> 0 | H9: =F9-D9 -> 0 | I9: 252 | J9: 252 | K9: 252 | L9: =K9-J9 -> 0 | M9: =K9-I9 -> 0 | N9: 249 | O9: 250 | P9: 250 | Q9: =P9-O9 -> 0 | R9: =P9-N9 -> 1 | S9: 38 | T9: 36 | U9: 37 | V9: =U9-T9 -> 1 | W9: =U9-S9 -> -1 | X9: 67 | Y9: 60 | Z9: 61 | AA9: =Z9-Y9 -> 1 | AB9: =Z9-X9 -> -6 | AC9: 59 | AD9: 56 | AE9: 58 | AF9: =AE9-AD9 -> 2 | AG9: =AE9-AC9 -> -1 | AH9: 59 | AI9: 56 | AJ9: 58 | AK9: =AJ9-AI9 -> 2 | AL9: =AJ9-AH9 -> -1 | AM9: 58 | AN9: 58 | AO9: 60 | AP9: =AO9-AN9 -> 2 | AQ9: =AO9-AM9 -> 2 | AR9: 0 | AS9: 93 | AT9: 94 | AU9: =AT9-AS9 -> 1 | AV9: =AT9-AR9 -> 94 | AW9: 2 | AX9: 2 | AY9: 2 | AZ9: =AY9-AX9 -> 0 | BA9: =AY9-AW9 -> 0 | BB9: 0 | BC9: 0 | BD9: 0 | BE9: =BD9-BC9 -> 0 | BF9: =BD9-BB9 -> 0 | BG9: 102 | BH9: 206 | BI9: 206 | BJ9: =BI9-BH9 -> 0 | BK9: =BI9-BG9 -> 104 | BL9: 0 | BM9: 0 | BN9: 0 | BO9: =BN9-BM9 -> 0 | BP9: =BN9-BL9 -> 0 | BQ9: 0 | BR9: 0 | BS9: 0 | BT9: =BS9-BR9 -> 0 | BU9: =BS9-BQ9 -> 0 | BV9: Yes | BW9: Yes | BX9: Yes | BY9: No | BZ9: No | CA9: No | CB9: Yes | CC9: Yes | CD9: Yes | CE9: Yes | CF9: Yes | CG9: Yes | CH9: Yes | CI9: Yes | CJ9: Yes | CK9: Yes | CL9: Yes | CM9: Yes | CN9: No | CO9: No | CP9: No | CQ9: Yes | CR9: Yes | CS9: Yes | CT9: No | CU9: No | CV9: No
A10: NZIST Work-Based Learning (Competenz, Connexis, Careerforce, ServiceIQ, Primary ITO, EarnLearn) | B10: https://www.nzist.ac.nz | C10: 231 | D10: 0 | E10: 0 | F10: 0 | G10: =F10-E10 -> 0 | H10: =F10-D10 -> 0 | I10: 231 | J10: 231 | K10: 231 | L10: =K10-J10 -> 0 | M10: =K10-I10 -> 0 | N10: 227 | O10: 229 | P10: 229 | Q10: =P10-O10 -> 0 | R10: =P10-N10 -> 2 | S10: 0 | T10: 0 | U10: 0 | V10: =U10-T10 -> 0 | W10: =U10-S10 -> 0 | X10: 0 | Y10: 0 | Z10: 0 | AA10: =Z10-Y10 -> 0 | AB10: =Z10-X10 -> 0 | AC10: 0 | AD10: 0 | AE10: 0 | AF10: =AE10-AD10 -> 0 | AG10: =AE10-AC10 -> 0 | AH10: 0 | AI10: 0 | AJ10: 0 | AK10: =AJ10-AI10 -> 0 | AL10: =AJ10-AH10 -> 0 | AM10: 2 | AN10: 0 | AO10: 0 | AP10: =AO10-AN10 -> 0 | AQ10: =AO10-AM10 -> -2 | AR10: 0 | AS10: 0 | AT10: 0 | AU10: =AT10-AS10 -> 0 | AV10: =AT10-AR10 -> 0 | AW10: 0 | AX10: 0 | AY10: 0 | AZ10: =AY10-AX10 -> 0 | BA10: =AY10-AW10 -> 0 | BB10: 0 | BC10: 0 | BD10: 0 | BE10: =BD10-BC10 -> 0 | BF10: =BD10-BB10 -> 0 | BG10: 0 | BH10: 0 | BI10: 0 | BJ10: =BI10-BH10 -> 0 | BK10: =BI10-BG10 -> 0 | BL10: 0 | BM10: 0 | BN10: 0 | BO10: =BN10-BM10 -> 0 | BP10: =BN10-BL10 -> 0 | BQ10: 0 | BR10: 0 | BS10: 0 | BT10: =BS10-BR10 -> 0 | BU10: =BS10-BQ10 -> 0 | BV10: Yes | BW10: Yes | BX10: Yes | BY10: No | BZ10: No | CA10: No | CB10: No | CC10: No | CD10: No | CE10: Yes | CF10: Yes | CG10: Yes | CH10: Yes | CI10: Yes | CJ10: Yes | CK10: Yes | CL10: Yes | CM10: Yes | CN10: Yes | CO10: Yes | CP10: Yes | CQ10: No | CR10: No | CS10: No | CT10: No | CU10: No | CV10: No
A11: Southern Institute of Technology | B11: https://www.sit.ac.nz | C11: 207 | D11: 120 | E11: 120 | F11: 120 | G11: =F11-E11 -> 0 | H11: =F11-D11 -> 0 | I11: 198 | J11: 198 | K11: 198 | L11: =K11-J11 -> 0 | M11: =K11-I11 -> 0 | N11: 197 | O11: 199 | P11: 199 | Q11: =P11-O11 -> 0 | R11: =P11-N11 -> 2 | S11: 73 | T11: 64 | U11: 64 | V11: =U11-T11 -> 0 | W11: =U11-S11 -> -9 | X11: 133 | Y11: 116 | Z11: 116 | AA11: =Z11-Y11 -> 0 | AB11: =Z11-X11 -> -17 | AC11: 91 | AD11: 69 | AE11: 69 | AF11: =AE11-AD11 -> 0 | AG11: =AE11-AC11 -> -22 | AH11: 91 | AI11: 69 | AJ11: 69 | AK11: =AJ11-AI11 -> 0 | AL11: =AJ11-AH11 -> -22 | AM11: 113 | AN11: 105 | AO11: 105 | AP11: =AO11-AN11 -> 0 | AQ11: =AO11-AM11 -> -8 | AR11: 0 | AS11: 1 | AT11: 1 | AU11: =AT11-AS11 -> 0 | AV11: =AT11-AR11 -> 1 | AW11: 104 | AX11: 104 | AY11: 104 | AZ11: =AY11-AX11 -> 0 | BA11: =AY11-AW11 -> 0 | BB11: 0 | BC11: 0 | BD11: 0 | BE11: =BD11-BC11 -> 0 | BF11: =BD11-BB11 -> 0 | BG11: 95 | BH11: 95 | BI11: 95 | BJ11: =BI11-BH11 -> 0 | BK11: =BI11-BG11 -> 0 | BL11: 0 | BM11: 0 | BN11: 0 | BO11: =BN11-BM11 -> 0 | BP11: =BN11-BL11 -> 0 | BQ11: 0 | BR11: 0 | BS11: 0 | BT11: =BS11-BR11 -> 0 | BU11: =BS11-BQ11 -> 0 | BV11: Yes | BW11: Yes | BX11: Yes | BY11: No | BZ11: No | CA11: No | CB11: Yes | CC11: Yes | CD11: Yes | CE11: Yes | CF11: Yes | CG11: Yes | CH11: Yes | CI11: Yes | CJ11: Yes | CK11: Yes | CL11: Yes | CM11: Yes | CN11: Yes | CO11: Yes | CP11: Yes | CQ11: No | CR11: No | CS11: No | CT11: No | CU11: No | CV11: No
A12: Lincoln University | B12: https://www.lincoln.ac.nz | C12: 199 | D12: 93 | E12: 93 | F12: 93 | G12: =F12-E12 -> 0 | H12: =F12-D12 -> 0 | I12: 199 | J12: 199 | K12: 199 | L12: =K12-J12 -> 0 | M12: =K12-I12 -> 0 | N12: 192 | O12: 194 | P12: 194 | Q12: =P12-O12 -> 0 | R12: =P12-N12 -> 2 | S12: 119 | T12: 91 | U12: 91 | V12: =U12-T12 -> 0 | W12: =U12-S12 -> -28 | X12: 110 | Y12: 89 | Z12: 89 | AA12: =Z12-Y12 -> 0 | AB12: =Z12-X12 -> -21 | AC12: 196 | AD12: 174 | AE12: 174 | AF12: =AE12-AD12 -> 0 | AG12: =AE12-AC12 -> -22 | AH12: 196 | AI12: 174 | AJ12: 174 | AK12: =AJ12-AI12 -> 0 | AL12: =AJ12-AH12 -> -22 | AM12: 99 | AN12: 68 | AO12: 68 | AP12: =AO12-AN12 -> 0 | AQ12: =AO12-AM12 -> -31 | AR12: 76 | AS12: 77 | AT12: 77 | AU12: =AT12-AS12 -> 0 | AV12: =AT12-AR12 -> 1 | AW12: 88 | AX12: 88 | AY12: 88 | AZ12: =AY12-AX12 -> 0 | BA12: =AY12-AW12 -> 0 | BB12: 0 | BC12: 0 | BD12: 0 | BE12: =BD12-BC12 -> 0 | BF12: =BD12-BB12 -> 0 | BG12: 72 | BH12: 119 | BI12: 119 | BJ12: =BI12-BH12 -> 0 | BK12: =BI12-BG12 -> 47 | BL12: 0 | BM12: 0 | BN12: 0 | BO12: =BN12-BM12 -> 0 | BP12: =BN12-BL12 -> 0 | BQ12: 0 | BR12: 0 | BS12: 0 | BT12: =BS12-BR12 -> 0 | BU12: =BS12-BQ12 -> 0 | BV12: Yes | BW12: Yes | BX12: Yes | BY12: No | BZ12: No | CA12: No | CB12: Yes | CC12: Yes | CD12: Yes | CE12: Yes | CF12: Yes | CG12: Yes | CH12: Yes | CI12: Yes | CJ12: Yes | CK12: Yes | CL12: Yes | CM12: Yes | CN12: No | CO12: No | CP12: No | CQ12: No | CR12: Yes | CS12: Yes | CT12: No | CU12: No | CV12: No
A13: Eastern Institute of Technology | B13: https://www.eit.ac.nz | C13: 184 | D13: 97 | E13: 97 | F13: 98 | G13: =F13-E13 -> 1 | H13: =F13-D13 -> 1 | I13: 177 | J13: 179 | K13: 179 | L13: =K13-J13 -> 0 | M13: =K13-I13 -> 2 | N13: 171 | O13: 178 | P13: 178 | Q13: =P13-O13 -> 0 | R13: =P13-N13 -> 7 | S13: 146 | T13: 96 | U13: 96 | V13: =U13-T13 -> 0 | W13: =U13-S13 -> -50 | X13: 141 | Y13: 83 | Z13: 83 | AA13: =Z13-Y13 -> 0 | AB13: =Z13-X13 -> -58 | AC13: 156 | AD13: 92 | AE13: 92 | AF13: =AE13-AD13 -> 0 | AG13: =AE13-AC13 -> -64 | AH13: 156 | AI13: 92 | AJ13: 92 | AK13: =AJ13-AI13 -> 0 | AL13: =AJ13-AH13 -> -64 | AM13: 95 | AN13: 50 | AO13: 50 | AP13: =AO13-AN13 -> 0 | AQ13: =AO13-AM13 -> -45 | AR13: 0 | AS13: 0 | AT13: 0 | AU13: =AT13-AS13 -> 0 | AV13: =AT13-AR13 -> 0 | AW13: 60 | AX13: 92 | AY13: 92 | AZ13: =AY13-AX13 -> 0 | BA13: =AY13-AW13 -> 32 | BB13: 0 | BC13: 0 | BD13: 0 | BE13: =BD13-BC13 -> 0 | BF13: =BD13-BB13 -> 0 | BG13: 97 | BH13: 106 | BI13: 106 | BJ13: =BI13-BH13 -> 0 | BK13: =BI13-BG13 -> 9 | BL13: 0 | BM13: 0 | BN13: 0 | BO13: =BN13-BM13 -> 0 | BP13: =BN13-BL13 -> 0 | BQ13: 0 | BR13: 0 | BS13: 0 | BT13: =BS13-BR13 -> 0 | BU13: =BS13-BQ13 -> 0 | BV13: Yes | BW13: Yes | BX13: Yes | BY13: No | BZ13: No | CA13: No | CB13: Yes | CC13: Yes | CD13: Yes | CE13: Yes | CF13: Yes | CG13: Yes | CH13: Yes | CI13: Yes | CJ13: Yes | CK13: Yes | CL13: Yes | CM13: Yes | CN13: Yes | CO13: Yes | CP13: Yes | CQ13: No | CR13: No | CS13: No | CT13: No | CU13: No | CV13: No
A14: Otago Polytechnic | B14: https://www.op.ac.nz | C14: 182 | D14: 92 | E14: 92 | F14: 92 | G14: =F14-E14 -> 0 | H14: =F14-D14 -> 0 | I14: 180 | J14: 180 | K14: 180 | L14: =K14-J14 -> 0 | M14: =K14-I14 -> 0 | N14: 176 | O14: 176 | P14: 176 | Q14: =P14-O14 -> 0 | R14: =P14-N14 -> 0 | S14: 139 | T14: 92 | U14: 92 | V14: =U14-T14 -> 0 | W14: =U14-S14 -> -47 | X14: 154 | Y14: 91 | Z14: 91 | AA14: =Z14-Y14 -> 0 | AB14: =Z14-X14 -> -63 | AC14: 130 | AD14: 77 | AE14: 77 | AF14: =AE14-AD14 -> 0 | AG14: =AE14-AC14 -> -53 | AH14: 130 | AI14: 77 | AJ14: 77 | AK14: =AJ14-AI14 -> 0 | AL14: =AJ14-AH14 -> -53 | AM14: 43 | AN14: 21 | AO14: 21 | AP14: =AO14-AN14 -> 0 | AQ14: =AO14-AM14 -> -22 | AR14: 47 | AS14: 77 | AT14: 77 | AU14: =AT14-AS14 -> 0 | AV14: =AT14-AR14 -> 30 | AW14: 71 | AX14: 81 | AY14: 81 | AZ14: =AY14-AX14 -> 0 | BA14: =AY14-AW14 -> 10 | BB14: 0 | BC14: 0 | BD14: 0 | BE14: =BD14-BC14 -> 0 | BF14: =BD14-BB14 -> 0 | BG14: 81 | BH14: 86 | BI14: 86 | BJ14: =BI14-BH14 -> 0 | BK14: =BI14-BG14 -> 5 | BL14: 0 | BM14: 0 | BN14: 0 | BO14: =BN14-BM14 -> 0 | BP14: =BN14-BL14 -> 0 | BQ14: 0 | BR14: 0 | BS14: 0 | BT14: =BS14-BR14 -> 0 | BU14: =BS14-BQ14 -> 0 | BV14: Yes | BW14: Yes | BX14: Yes | BY14: No | BZ14: No | CA14: No | CB14: Yes | CC14: Yes | CD14: Yes | CE14: Yes | CF14: Yes | CG14: Yes | CH14: Yes | CI14: Yes | CJ14: Yes | CK14: No | CL14: No | CM14: No | CN14: No | CO14: No | CP14: No | CQ14: No | CR14: No | CS14: No | CT14: No | CU14: No | CV14: No
... A289: Waikato Aero Club Incorporated | B289: https://www.waikatoaviation.co.nz | C289: 1 | D289: 1 | E289: 1 | F289: 1 | G289: =F289-E289 -> 0 | H289: =F289-D289 -> 0 | I289: 1 | J289: 1 | K289: 1 | L289: =K289-J289 -> 0 | M289: =K289-I289 -> 0 | N289: 1 | O289: 1 | P289: 1 | Q289: =P289-O289 -> 0 | R289: =P289-N289 -> 0 | S289: 0 | T289: 0 | U289: 0 | V289: =U289-T289 -> 0 | W289: =U289-S289 -> 0 | X289: 1 | Y289: 1 | Z289: 1 | AA289: =Z289-Y289 -> 0 | AB289: =Z289-X289 -> 0 | AC289: 0 | AD289: 0 | AE289: 0 | AF289: =AE289-AD289 -> 0 | AG289: =AE289-AC289 -> 0 | AH289: 0 | AI289: 0 | AJ289: 0 | AK289: =AJ289-AI289 -> 0 | AL289: =AJ289-AH289 -> 0 | AM289: 1 | AN289: 1 | AO289: 1 | AP289: =AO289-AN289 -> 0 | AQ289: =AO289-AM289 -> 0 | AR289: 0 | AS289: 0 | AT289: 0 | AU289: =AT289-AS289 -> 0 | AV289: =AT289-AR289 -> 0 | AW289: 0 | AX289: 1 | AY289: 1 | AZ289: =AY289-AX289 -> 0 | BA289: =AY289-AW289 -> 1 | BB289: 0 | BC289: 0 | BD289: 0 | BE289: =BD289-BC289 -> 0 | BF289: =BD289-BB289 -> 0 | BG289: 0 | BH289: 0 | BI289: 0 | BJ289: =BI289-BH289 -> 0 | BK289: =BI289-BG289 -> 0 | BL289: 0 | BM289: 0 | BN289: 0 | BO289: =BN289-BM289 -> 0 | BP289: =BN289-BL289 -> 0 | BQ289: 0 | BR289: 0 | BS289: 0 | BT289: =BS289-BR289 -> 0 | BU289: =BS289-BQ289 -> 0 | BV289: Yes | BW289: Yes | BX289: Yes | BY289: Yes | BZ289: Yes | CA289: Yes | CB289: No | CC289: No | CD289: No | CE289: Yes | CF289: Yes | CG289: Yes | CH289: No | CI289: No | CJ289: No | CK289: No | CL289: No | CM289: No | CN289: Yes | CO289: Yes | CP289: Yes | CQ289: No | CR289: No | CS289: No | CT289: No | CU289: No | CV289: No

Sheet Long list
A1: Provider | B1: Website | C1: Courses | D1: Level | E1: Field | F1: Start | G1: Previous | H1: Today | I1: Change today | J1: Change since start
A2: University of Auckland | B2: https://www.auckland.ac.nz | C2: 458 | D2: Course | E2: Official course page | F2: 329 | G2: 330 | H2: 330 | I2: =H2-G2 -> 0 | J2: =H2-F2 -> 1
A3: University of Auckland | B3: https://www.auckland.ac.nz | C3: 458 | D3: Course | E3: Study level | F3: 458 | G3: 458 | H3: 458 | I3: =H3-G3 -> 0 | J3: =H3-F3 -> 0
A4: University of Auckland | B4: https://www.auckland.ac.nz | C4: 458 | D4: Course | E4: Field of study | F4: 447 | G4: 453 | H4: 453 | I4: =H4-G4 -> 0 | J4: =H4-F4 -> 6
A5: University of Auckland | B5: https://www.auckland.ac.nz | C5: 458 | D5: Course | E5: Duration | F5: 193 | G5: 205 | H5: 205 | I5: =H5-G5 -> 0 | J5: =H5-F5 -> 12
A6: University of Auckland | B6: https://www.auckland.ac.nz | C6: 458 | D6: Course | E6: Delivery mode | F6: 309 | G6: 308 | H6: 308 | I6: =H6-G6 -> 0 | J6: =H6-F6 -> -1
A7: University of Auckland | B7: https://www.auckland.ac.nz | C7: 458 | D7: Course | E7: Campus linked | F7: 295 | G7: 303 | H7: 303 | I7: =H7-G7 -> 0 | J7: =H7-F7 -> 8
A8: University of Auckland | B8: https://www.auckland.ac.nz | C8: 458 | D8: Course | E8: Campus city | F8: 295 | G8: 303 | H8: 303 | I8: =H8-G8 -> 0 | J8: =H8-F8 -> 8
A9: University of Auckland | B9: https://www.auckland.ac.nz | C9: 458 | D9: Course | E9: Open to international students | F9: 209 | G9: 196 | H9: 201 | I9: =H9-G9 -> 5 | J9: =H9-F9 -> -8
A10: University of Auckland | B10: https://www.auckland.ac.nz | C10: 458 | D10: Course | E10: Tuition fee | F10: 203 | G10: 211 | H10: 245 | I10: =H10-G10 -> 34 | J10: =H10-F10 -> 42
A11: University of Auckland | B11: https://www.auckland.ac.nz | C11: 458 | D11: Course | E11: Intakes / start dates | F11: 283 | G11: 283 | H11: 283 | I11: =H11-G11 -> 0 | J11: =H11-F11 -> 0
A12: University of Auckland | B12: https://www.auckland.ac.nz | C12: 458 | D12: Course | E12: Application deadline | F12: 0 | G12: 0 | H12: 0 | I12: =H12-G12 -> 0 | J12: =H12-F12 -> 0
A13: University of Auckland | B13: https://www.auckland.ac.nz | C13: 458 | D13: Course | E13: English requirements | F13: 177 | G13: 209 | H13: 210 | I13: =H13-G13 -> 1 | J13: =H13-F13 -> 33
... A6602: Waikato Aero Club Incorporated | B6602: https://www.waikatoaviation.co.nz | C6602: 1 | D6602: Provider (1 = held) | E6602: Description | F6602: 0 | G6602: 0 | H6602: 0 | I6602: =H6602-G6602 -> 0 | J6602: =H6602-F6602 -> 0

Sheet Toolset use
A1: Toolset use by New Zealand providers: 2026-10-24 and the 7 days to it
A3: Tool | B3: Used (day) | C3: Worked (day) | D3: Did not work (day) | E3: Credits (day) | F3: AI US$ (day) | G3: Used (7 days) | H3: Worked (7 days) | I3: Did not work (7 days) | J3: Credits (7 days) | K3: AI US$ (7 days) | L3: Worked share (7 days)
A4: Course-page search | B4: =SUMIF($B$15:$B$1642,$A4,C$15:C$1642) -> 100 | C4: =SUMIF($B$15:$B$1642,$A4,D$15:D$1642) -> 6 | D4: =SUMIF($B$15:$B$1642,$A4,E$15:E$1642) -> 49 | E4: =SUMIF($B$15:$B$1642,$A4,F$15:F$1642) -> 200 | F4: =SUMIF($B$15:$B$1642,$A4,G$15:G$1642) -> 0 | G4: =SUMIF($B$15:$B$1642,$A4,H$15:H$1642) -> 4384 | H4: =SUMIF($B$15:$B$1642,$A4,I$15:I$1642) -> 21 | I4: =SUMIF($B$15:$B$1642,$A4,J$15:J$1642) -> 1407 | ... K4: =SUMIF($B$15:$B$1642,$A4,L$15:L$1642) -> 0 | L4: =IF(G4=0,"",H4/G4) -> 0.004790146
A5: Course page reads | B5: =SUMIF($B$15:$B$1642,$A5,C$15:C$1642) -> 549 | C5: =SUMIF($B$15:$B$1642,$A5,D$15:D$1642) -> 85 | D5: =SUMIF($B$15:$B$1642,$A5,E$15:E$1642) -> 282 | E5: =SUMIF($B$15:$B$1642,$A5,F$15:F$1642) -> 348 | F5: =SUMIF($B$15:$B$1642,$A5,G$15:G$1642) -> 0 | G5: =SUMIF($B$15:$B$1642,$A5,H$15:H$1642) -> 3737 | H5: =SUMIF($B$15:$B$1642,$A5,I$15:I$1642) -> 915 | I5: =SUMIF($B$15:$B$1642,$A5,J$15:J$1642) -> 815 | ... K5: =SUMIF($B$15:$B$1642,$A5,L$15:L$1642) -> 0 | L5: =IF(G5=0,"",H5/G5) -> 0.24484881
A6: AI page match | B6: =SUMIF($B$15:$B$1642,$A6,C$15:C$1642) -> 594 | C6: =SUMIF($B$15:$B$1642,$A6,D$15:D$1642) -> 18 | D6: =SUMIF($B$15:$B$1642,$A6,E$15:E$1642) -> 470 | E6: =SUMIF($B$15:$B$1642,$A6,F$15:F$1642) -> 0 | F6: =SUMIF($B$15:$B$1642,$A6,G$15:G$1642) -> 0.08778962 | G6: =SUMIF($B$15:$B$1642,$A6,H$15:H$1642) -> 2716 | H6: =SUMIF($B$15:$B$1642,$A6,I$15:I$1642) -> 22 | I6: =SUMIF($B$15:$B$1642,$A6,J$15:J$1642) -> 2158 | ... K6: =SUMIF($B$15:$B$1642,$A6,L$15:L$1642) -> 0.38591949 | L6: =IF(G6=0,"",H6/G6) -> 0.0081001473
A7: AI field reader | B7: =SUMIF($B$15:$B$1642,$A7,C$15:C$1642) -> 813 | C7: =SUMIF($B$15:$B$1642,$A7,D$15:D$1642) -> 83 | D7: =SUMIF($B$15:$B$1642,$A7,E$15:E$1642) -> 729 | E7: =SUMIF($B$15:$B$1642,$A7,F$15:F$1642) -> 0 | F7: =SUMIF($B$15:$B$1642,$A7,G$15:G$1642) -> 0.1570592 | G7: =SUMIF($B$15:$B$1642,$A7,H$15:H$1642) -> 25280 | H7: =SUMIF($B$15:$B$1642,$A7,I$15:I$1642) -> 1943 | I7: =SUMIF($B$15:$B$1642,$A7,J$15:J$1642) -> 22827 | ... K7: =SUMIF($B$15:$B$1642,$A7,L$15:L$1642) -> 11.517925 | L7: =IF(G7=0,"",H7/G7) -> 0.076859177
A8: Fee reader (AI) | B8: =SUMIF($B$15:$B$1642,$A8,C$15:C$1642) -> 1206 | C8: =SUMIF($B$15:$B$1642,$A8,D$15:D$1642) -> 587 | D8: =SUMIF($B$15:$B$1642,$A8,E$15:E$1642) -> 619 | E8: =SUMIF($B$15:$B$1642,$A8,F$15:F$1642) -> 0 | F8: =SUMIF($B$15:$B$1642,$A8,G$15:G$1642) -> 1.8088088 | G8: =SUMIF($B$15:$B$1642,$A8,H$15:H$1642) -> 1873 | H8: =SUMIF($B$15:$B$1642,$A8,I$15:I$1642) -> 944 | I8: =SUMIF($B$15:$B$1642,$A8,J$15:J$1642) -> 929 | ... K8: =SUMIF($B$15:$B$1642,$A8,L$15:L$1642) -> 3.5775984 | L8: =IF(G8=0,"",H8/G8) -> 0.50400427
A9: Scholarship AI | B9: =SUMIF($B$15:$B$1642,$A9,C$15:C$1642) -> 2 | C9: =SUMIF($B$15:$B$1642,$A9,D$15:D$1642) -> 2 | D9: =SUMIF($B$15:$B$1642,$A9,E$15:E$1642) -> 0 | E9: =SUMIF($B$15:$B$1642,$A9,F$15:F$1642) -> 0 | F9: =SUMIF($B$15:$B$1642,$A9,G$15:G$1642) -> 0 | G9: =SUMIF($B$15:$B$1642,$A9,H$15:H$1642) -> 1130 | H9: =SUMIF($B$15:$B$1642,$A9,I$15:I$1642) -> 922 | I9: =SUMIF($B$15:$B$1642,$A9,J$15:J$1642) -> 17 | ... K9: =SUMIF($B$15:$B$1642,$A9,L$15:L$1642) -> 0.43074704 | L9: =IF(G9=0,"",H9/G9) -> 0.8159292
A10: Other scraper credits | B10: =SUMIF($B$15:$B$1642,$A10,C$15:C$1642) -> 78 | C10: =SUMIF($B$15:$B$1642,$A10,D$15:D$1642) -> 0 | D10: =SUMIF($B$15:$B$1642,$A10,E$15:E$1642) -> 0 | E10: =SUMIF($B$15:$B$1642,$A10,F$15:F$1642) -> 78 | F10: =SUMIF($B$15:$B$1642,$A10,G$15:G$1642) -> 0 | G10: =SUMIF($B$15:$B$1642,$A10,H$15:H$1642) -> 2147 | H10: =SUMIF($B$15:$B$1642,$A10,I$15:I$1642) -> 0 | I10: =SUMIF($B$15:$B$1642,$A10,J$15:J$1642) -> 0 | ... K10: =SUMIF($B$15:$B$1642,$A10,L$15:L$1642) -> 0 | L10: =IF(G10=0,"",H10/G10) -> 0
A11: Flags raised | B11: =SUMIF($B$15:$B$1642,$A11,C$15:C$1642) -> 106 | C11: =SUMIF($B$15:$B$1642,$A11,D$15:D$1642) -> 0 | D11: =SUMIF($B$15:$B$1642,$A11,E$15:E$1642) -> 0 | E11: =SUMIF($B$15:$B$1642,$A11,F$15:F$1642) -> 0 | F11: =SUMIF($B$15:$B$1642,$A11,G$15:G$1642) -> 0 | G11: =SUMIF($B$15:$B$1642,$A11,H$15:H$1642) -> 12951 | H11: =SUMIF($B$15:$B$1642,$A11,I$15:I$1642) -> 0 | I11: =SUMIF($B$15:$B$1642,$A11,J$15:J$1642) -> 0 | ... K11: =SUMIF($B$15:$B$1642,$A11,L$15:L$1642) -> 0 | L11: =IF(G11=0,"",H11/G11) -> 0
A14: Provider | B14: Tool | C14: Used (day) | D14: Worked (day) | E14: Did not work (day) | F14: Credits (day) | G14: AI US$ (day) | H14: Used (7 days) | I14: Worked (7 days) | J14: Did not work (7 days) | K14: Credits (7 days) | L14: AI US$ (7 days) | M14: Worked share (7 days)
A15: A1 First Aid (2009) Limited | B15: Other scraper credits | C15: 0 | D15: 0 | E15: 0 | F15: 0 | G15: 0 | H15: 4 | I15: 0 | J15: 0 | K15: 4 | L15: 0 | M15: =IF(H15=0,"",I15/H15) -> 0
A16: Abacus Counselling, Training and Supervision Limited | B16: Other scraper credits | C16: 0 | D16: 0 | E16: 0 | F16: 0 | G16: 0 | H16: 4 | I16: 0 | J16: 0 | K16: 4 | L16: 0 | M16: =IF(H16=0,"",I16/H16) -> 0
A17: ABC College of English Limited | B17: Other scraper credits | C17: 0 | D17: 0 | E17: 0 | F17: 0 | G17: 0 | H17: 3 | I17: 0 | J17: 0 | K17: 3 | L17: 0 | M17: =IF(H17=0,"",I17/H17) -> 0
A18: Academy Business Training NZ Limited | B18: Course-page search | C18: 0 | D18: 0 | E18: 0 | F18: 0 | G18: 0 | H18: 4 | I18: 0 | J18: 2 | K18: 8 | L18: 0 | M18: =IF(H18=0,"",I18/H18) -> 0
A19: Academy Business Training NZ Limited | B19: Course page reads | C19: 0 | D19: 0 | E19: 0 | F19: 0 | G19: 0 | H19: 2 | I19: 0 | J19: 0 | K19: 0 | L19: 0 | M19: =IF(H19=0,"",I19/H19) -> 0
A20: Academy Business Training NZ Limited | B20: AI field reader | C20: 0 | D20: 0 | E20: 0 | F20: 0 | G20: 0 | H20: 14 | I20: 1 | J20: 13 | K20: 0 | L20: 0.0025397 | M20: =IF(H20=0,"",I20/H20) -> 0.071428571
A21: Academy Business Training NZ Limited | B21: Other scraper credits | C21: 0 | D21: 0 | E21: 0 | F21: 0 | G21: 0 | H21: 1 | I21: 0 | J21: 0 | K21: 1 | L21: 0 | M21: =IF(H21=0,"",I21/H21) -> 0
A22: Academy Business Training NZ Limited | B22: Flags raised | C22: 0 | D22: 0 | E22: 0 | F22: 0 | G22: 0 | H22: 13 | I22: 0 | J22: 0 | K22: 0 | L22: 0 | M22: =IF(H22=0,"",I22/H22) -> 0
A23: Academy of Diving Trust | B23: Course-page search | C23: 0 | D23: 0 | E23: 0 | F23: 0 | G23: 0 | H23: 10 | I23: 0 | J23: 4 | K23: 20 | L23: 0 | M23: =IF(H23=0,"",I23/H23) -> 0
A24: Academy of Diving Trust | B24: Course page reads | C24: 0 | D24: 0 | E24: 0 | F24: 0 | G24: 0 | H24: 5 | I24: 1 | J24: 0 | K24: 0 | L24: 0 | M24: =IF(H24=0,"",I24/H24) -> 0.2
A25: Academy of Diving Trust | B25: AI field reader | C25: 0 | D25: 0 | E25: 0 | F25: 0 | G25: 0 | H25: 27 | I25: 0 | J25: 27 | K25: 0 | L25: 0.0065742 | M25: =IF(H25=0,"",I25/H25) -> 0
A26: Academy of Diving Trust | B26: Fee reader (AI) | C26: 0 | D26: 0 | E26: 0 | F26: 0 | G26: 0 | H26: 1 | I26: 0 | J26: 1 | K26: 0 | L26: 0 | M26: =IF(H26=0,"",I26/H26) -> 0
... A1642: Youth Cultures & Community Trust | B1642: Flags raised | C1642: 0 | D1642: 0 | E1642: 0 | F1642: 0 | G1642: 0 | H1642: 7 | I1642: 0 | J1642: 0 | K1642: 0 | L1642: 0 | M1642: =IF(H1642=0,"",I1642/H1642) -> 0
